"","numero.feriti","numero.stranieri","numero_sportelli","reddito.contribuenti","numero_residenti","numero.feriti_std","numero.stranieri_std","numero.sportelli_std","reddito.contribuenti_std","numero_residenti_std"
"Acerra",99,2231,3,29435,59004,1.19426019345756,1.4221719626408,-0.377961304492216,1.62979756347974,1.71048915340084
"Afragola",160,1957,7,28164,62808,2.42923380260116,1.15133068684218,0.597768587955774,1.51038594552186,1.89080130580027
"Agerola",3,390,3,4690,7691,-0.749304830768452,-0.397604638619259,-0.377961304492216,-0.69501792540119,-0.721781476481337
"Anacapri",5,552,1,4720,6960,-0.708813892763743,-0.23747220548285,-0.86582625071621,-0.692199397833341,-0.756431366966085
"Arzano",47,593,4,16063,33756,0.141495805335135,-0.196944861294006,-0.134028831380218,0.373485875570432,0.513717012554168
"Bacoli",40,557,5,14524,25844,-0.000222477681344623,-0.23252984643543,0.109903641731779,0.228895411339769,0.138682903778073
"Barano d'Ischia",20,477,1,5906,10009,-0.405131857728429,-0.311607591194151,-0.86582625071621,-0.58077360798437,-0.611906721154872
"Boscoreale",39,1033,2,13449,27205,-0.0204679466836989,0.237982734878957,-0.621893777604213,0.12789817349184,0.203195216978815
"Boscotrecase",3,270,4,5211,10051,-0.749304830768452,-0.51622125575734,-0.134028831380218,-0.646069496639543,-0.609915892973806
"Brusciano",23,266,2,8077,16084,-0.344395450721367,-0.520175142995276,-0.621893777604213,-0.376806162991019,-0.323947644964936
"Caivano",92,832,4,16283,37226,1.05254191044108,0.0392999011726719,-0.134028831380218,0.394155077734659,0.678197340847021
"Calvizzano",1,477,4,6102,12072,-0.78979576877316,-0.311607591194151,-0.134028831380218,-0.562359227874423,-0.514119136927738
"Camposano",2,94,4,3076,5190,-0.769550299770806,-0.690192294226526,-0.134028831380218,-0.846654708551476,-0.840330554596733
"Capri",0,816,4,5115,7080,-0.810041237775514,0.0234843522209277,-0.134028831380218,-0.65508878485666,-0.750743286448753
"Carbonara di Nola",1,147,4,1459,2483,-0.78979576877316,-0.637803288323873,-0.134028831380218,-0.998573344458546,-0.968644170933549
"Cardito",21,454,2,10319,21868,-0.384886388726075,-0.334342442812283,-0.621893777604213,-0.166168202753757,-0.0497821640295294
"Casalnuovo di Napoli",65,812,5,23655,47716,0.505914247377511,0.0195304649829917,0.109903641731779,1.08676125207413,1.1754303794038
"Casamarciano",5,36,4,1864,3208,-0.708813892763743,-0.747523659176598,-0.134028831380218,-0.960523222292583,-0.934278684474668
"Casamicciola Terme",26,390,1,4877,8012,-0.283659043714304,-0.397604638619259,-0.86582625071621,-0.677449103561597,-0.706565861097473
"Casandrino",7,1336,4,6612,13561,-0.668322954759035,0.537489693152612,-0.134028831380218,-0.514444259220987,-0.443539537841843
"Casavatore",30,194,3,9134,18546,-0.202677167704887,-0.591345113278125,-0.377961304492216,-0.277500041683799,-0.207247193017672
"Casola di Napoli",2,33,4,1839,3764,-0.769550299770806,-0.75048907460505,-0.134028831380218,-0.96287199526579,-0.907923911411029
"Casoria",159,1485,16,37831,74949,2.40898833359881,0.684771992765729,2.79316084596375,2.41860947880179,2.46629285214134
"Castellammare di Stabia",126,1271,17,35664,64466,1.74088785652112,0.473239025536151,3.03709331907575,2.21501783748415,1.9693916182814
"Castello di Cisterna",33,175,4,3966,7900,-0.141940760697824,-0.610126077658321,-0.134028831380218,-0.763038390705284,-0.711874736246983
"Cercola",20,270,1,9091,17178,-0.405131857728429,-0.51622125575734,-0.86582625071621,-0.281539931197717,-0.272091310915258
"Cicciano",16,240,2,7177,12604,-0.486113733737846,-0.545875410041861,-0.621893777604213,-0.461361990026494,-0.488901979967566
"Cimitile",3,239,1,4199,7089,-0.749304830768452,-0.546863881851345,-0.86582625071621,-0.741147826594989,-0.750316680409953
"Comiziano",9,51,4,1058,1742,-0.627832016754326,-0.732696582034338,-0.134028831380218,-1.0362476629488,-1.00376806812807
"Crispano",9,131,4,5389,11994,-0.627832016754326,-0.653618837275617,-0.134028831380218,-0.629346233070305,-0.517816389264004
"Ercolano",51,567,3,25542,51588,0.222477681344552,-0.22264512834059,-0.377961304492216,1.26404663609184,1.35896577742972
"Forio",51,1730,6,10667,17510,0.222477681344552,0.926947586089311,0.353836114843776,-0.133473282966707,-0.256354288150639
"Frattamaggiore",41,1112,11,15554,28735,0.0200229913210096,0.316072007828194,1.57349848040376,0.325664857835924,0.275718243574799
"Frattaminore",10,338,2,7603,15851,-0.607586547751972,-0.449005172712428,-0.621893777604213,-0.421338898563036,-0.334992001302755
"Giugliano in Campania",247,6693,13,59399,118576,4.19058960580598,5.83273317655844,2.06136342662776,4.44494289824749,4.53424192488839
"Gragnano",37,283,5,15534,28542,-0.0609588846884073,-0.503371122234048,0.109903641731779,0.323785839457358,0.26656991407609
"Grumo Nevano",24,1377,3,8764,17660,-0.324149981719012,0.578017037341456,-0.377961304492216,-0.312261881687273,-0.249244187503974
"Ischia",59,1116,6,12333,19501,0.384441433363386,0.32002589506613,0.353836114843776,0.0230489479678509,-0.161979552233905
"Lacco Ameno",14,305,1,2981,4717,-0.526604671742555,-0.4816247424254,-0.86582625071621,-0.855580045849665,-0.862751071969217
"Lettere",1,39,1,3069,6174,-0.78979576877316,-0.744558243748146,-0.86582625071621,-0.847312364983974,-0.79368829435461
"Liveri",1,70,4,931,1557,-0.78979576877316,-0.713915617654142,-0.134028831380218,-1.04817942965269,-1.01253719225896
"Marano di Napoli",72,1547,5,29172,58132,0.647632530393991,0.746057244953737,0.109903641731779,1.60508847180159,1.66915576830822
"Mariglianella",17,235,4,4113,7884,-0.465868264735492,-0.550817769089281,-0.134028831380218,-0.749227605622823,-0.712633146982628
"Marigliano",43,991,3,16626,28939,0.0605139293257181,0.196466918880629,-0.377961304492216,0.426380242927068,0.285387980454263
"Massa di Somma",2,79,4,2546,5123,-0.769550299770806,-0.705019371368786,-0.134028831380218,-0.896448695583478,-0.843506399552243
"Massa Lubrense",18,541,3,8924,13970,-0.445622795733138,-0.248345395387174,-0.377961304492216,-0.297229734658744,-0.424152663411936
"Melito di Napoli",42,710,3,16575,35848,0.0402684603233639,-0.0812936595843771,-0.377961304492216,0.421588746061724,0.612879216239658
"Meta",19,277,4,5012,7918,-0.425377326730784,-0.509301953090952,-0.134028831380218,-0.664765729506276,-0.711021524169384
"Monte di Procida",17,256,3,6651,12428,-0.465868264735492,-0.530059861090116,-0.377961304492216,-0.510780173382783,-0.497244498059653
"Mugnano di Napoli",60,561,2,17425,34805,0.40468690236574,-0.228575959197494,-0.621893777604213,0.501447027150784,0.563440316409846
"Nola",90,1444,24,19785,34266,1.01205097243637,0.644244648576884,4.74462063085973,0.723171195821586,0.53789135475283
"Ottaviano",45,1375,3,12211,23500,0.101004867330427,0.576040093722488,-0.377961304492216,0.0115869358585976,0.0275757310061868
"Palma Campania",39,3095,2,10577,16007,-0.0204679466836989,2.27621160603498,-0.621893777604213,-0.141928865670254,-0.327597496630224
"Piano di Sorrento",41,298,5,8082,12783,0.0200229913210096,-0.488544045091788,0.109903641731779,-0.376336408396377,-0.480417259862546
"Pimonte",13,31,1,3238,5957,-0.546850140744909,-0.752466018224018,-0.86582625071621,-0.83143465968509,-0.803974239956785
"Poggiomarino",35,2563,2,11905,21880,-0.101449822693116,1.75034460338949,-0.621893777604213,-0.017162045333464,-0.0492133559777962
"Pollena Trocchia",9,162,4,6878,13312,-0.627832016754326,-0.622976211181613,-0.134028831380218,-0.489453314786057,-0.455342304915307
"Pomigliano d'Arco",73,941,11,22842,40094,0.667877999396345,0.147043328406429,1.57349848040376,1.01037915498542,0.814142465211258
"Pompei",52,763,6,13909,25115,0.242723150346906,-0.0289046536817247,0.353836114843776,0.171115596198861,0.104127814635281
"Portici",82,610,12,30887,53485,0.850087220417533,-0.180140840532778,1.81743095351576,1.76621429776364,1.44888485027454
"Pozzuoli",296,2201,14,40930,79407,5.18261758692134,1.39251780835628,2.30529589973975,2.70976337656061,2.67760504336022
"Procida",0,374,3,6416,10288,-0.810041237775514,-0.413420187571004,-0.377961304492216,-0.532858639330935,-0.598681933952075
"Qualiano",37,1075,4,11522,25218,-0.0609588846884073,0.279498550877286,-0.134028831380218,-0.0531452472830051,0.109010083745991
"Quarto",50,912,3,20802,39451,0.202232212342198,0.118377645931392,-0.377961304492216,0.818719280371673,0.783663833772553
"Roccarainola",12,129,4,3885,6808,-0.567095609747263,-0.655595780894585,-0.134028831380218,-0.770648415138477,-0.763636268954705
"San Gennaro Vesuviano",12,1821,2,6832,11887,-0.567095609747263,1.01689852075236,-0.621893777604213,-0.493775057056759,-0.522888261058625
"San Giorgio a Cremano",32,423,7,24911,43800,-0.162186229700179,-0.364985068906287,0.597768587955774,1.20476360624808,0.989809351854864
"San Giuseppe Vesuviano",40,5287,9,16202,29982,-0.000222477681344623,4.44294181242392,1.08563353417977,0.386545053301466,0.334826880284075
"San Paolo Bel Sito",1,66,4,2042,3353,-0.78979576877316,-0.717869504892078,-0.134028831380218,-0.943799958723344,-0.927405587182891
"San Sebastiano al Vesuvio",15,146,1,5111,8858,-0.506359202740201,-0.638791760133357,-0.86582625071621,-0.655464588532374,-0.666464893450282
"San Vitaliano",8,120,4,3497,6448,-0.64807748575668,-0.664492027179941,-0.134028831380218,-0.807101371682659,-0.780700510506702
"Sant'Agnello",29,277,4,5678,8920,-0.222922636707241,-0.509301953090952,-0.134028831380218,-0.602194417500024,-0.663526051849661
"Sant'Anastasia",65,663,4,14087,26801,0.505914247377511,-0.127751834630125,-0.134028831380218,0.187838859768099,0.184045345903797
"Sant'Antimo",21,1107,3,14791,33340,-0.384886388726075,0.311129648780774,-0.377961304492216,0.253980306693627,0.493998333427417
"Sant'Antonio Abate",27,640,3,10829,19522,-0.26341357471195,-0.150486686248258,-0.377961304492216,-0.118253234100321,-0.160984138143372
"Santa Maria la Carità",34,185,2,6408,11893,-0.12169529169547,-0.600241359563481,-0.621893777604213,-0.533610246682361,-0.522603857032758
"Saviano",21,711,1,9217,16157,-0.384886388726075,-0.0803051877748931,-0.86582625071621,-0.26970211541275,-0.320487395983559
"Scisciano",5,161,1,3692,6101,-0.708813892763743,-0.623964682991097,-0.86582625071621,-0.78878094249164,-0.797148543335987
"Serrara Fontana",5,172,4,1894,3082,-0.708813892763743,-0.613091493086773,-0.134028831380218,-0.957704694724733,-0.940251169017866
"Somma Vesuviana",60,1185,5,17874,34267,0.40468690236574,0.388230449920527,0.109903641731779,0.543630989749593,0.537938755423808
"Sorrento",52,623,10,10809,16075,0.242723150346906,-0.167290707009486,1.32956600729177,-0.120132252478887,-0.324374251003736
"Striano",11,750,2,4941,8731,-0.587341078749618,-0.0417547872050168,-0.621893777604213,-0.671436244750186,-0.672484778664459
"Terzigno",21,2105,1,8652,17811,-0.384886388726075,1.29762451464581,-0.86582625071621,-0.322784384607243,-0.242086686186331
"Torre Annunziata",107,581,6,20800,41355,1.35622394547639,-0.208806523007814,0.353836114843776,0.818531378533816,0.873914711314222
"Torre del Greco",140,828,18,43139,83044,2.02432442255408,0.0353460139347358,3.28102579218774,2.91730095647324,2.85000128370636
"Trecase",4,132,1,4884,8857,-0.729059361766097,-0.652630365466133,-0.86582625071621,-0.676791447129099,-0.66651229412126
"Tufino",14,43,4,2016,3564,-0.526604671742555,-0.74060435651021,-0.134028831380218,-0.94624268261548,-0.917404045606583
"Vico Equense",67,328,3,12515,20481,0.54640518538222,-0.458889890807268,-0.377961304492216,0.0401480152128026,-0.115526894675693
"Villaricca",31,723,3,15459,30792,-0.182431698702533,-0.068443526061085,-0.377961304492216,0.316739520537735,0.373221423776066
"Visciano",1,83,1,2881,4362,-0.78979576877316,-0.70106548413085,-0.86582625071621,-0.864975137742496,-0.879578310166324
"Volla",52,325,3,12578,24988,0.242723150346906,-0.46185530623572,-0.377961304492216,0.0460669231052858,0.0981079294211046
